[Header],,,,,,,,,,,
IEMFileVersion,5,,,,,,,,,,
Experiment Name,Medium Output - Lane 2,,,,,,,,,,
Date,2/14/2025,,,,,,,,,,
Workflow,GenerateFASTQ,,,,,,,,,,
Application,DraugrUI,,,,,,,,,,
Instrument Type,Element Biosciences AVITI,,,,,,,,,,
,,,,,,,,,,,
[Reads],,,,,,,,,,,
76,,,,,,,,,,,
76,,,,,,,,,,,
,,,,,,,,,,,
[Settings],,,,,,,,,,,
Adapter,CTGTCTCTTATACACATCT,,,,,,,,,,
,,,,,,,,,,,
[Data],,,,,,,,,,,
Sample_ID,Sample_Name,Sample_Plate,Sample_Well,Index_Plate,Index_Plate_Well,I7_Index_ID,index,I5_Index_ID,index2,Sample_Project,Description
893248,Run_1910_182,,,,,GTCTAATGGC,GTCTAATGGC,CCTGACCACT,CCTGACCACT,37482,
893242,Run_1910_176,,,,,TCTCACACGC,TCTCACACGC,TCACTGTCCG,TCACTGTCCG,37482,
893239,Run_1910_173,,,,,GCTTCATATT,GCTTCATATT,AGGCTGAACG,AGGCTGAACG,37482,
893237,Run_1910_171,,,,,TAATTAGCGT,TAATTAGCGT,TTCTTAACCA,TTCTTAACCA,37482,
893236,Run_1910_170,,,,,CTAGATTGCG,CTAGATTGCG,CGCCATATCT,CGCCATATCT,37482,
893234,Run_1910_168,,,,,GTGACGGAGC,GTGACGGAGC,TGGACCGCCA,TGGACCGCCA,37482,
893228,Run_1910_162,,,,,CCGTATGTTC,CCGTATGTTC,ACAGTGTATG,ACAGTGTATG,37482,
893227,Run_1910_161,,,,,GGCAAGCCAG,GGCAAGCCAG,CGGATGCTTG,CGGATGCTTG,37482,
893225,Run_1910_159,,,,,TGTCGCTGGT,TGTCGCTGGT,AGTCAGACGA,AGTCAGACGA,37482,
893224,Run_1910_158,,,,,AGAGAACCTA,AGAGAACCTA,TAGCATAACC,TAGCATAACC,37482,
893221,Run_1910_155,,,,,GTGCAGACAG,GTGCAGACAG,ACGGATGGTA,ACGGATGGTA,37482,
893220,Run_1910_154,,,,,TCCTCGGACT,TCCTCGGACT,CTCTGGCGTT,CTCTGGCGTT,37482,
893218,Run_1910_152,,,,,ATACTTGTTC,ATACTTGTTC,TCGGCGGTTA,TCGGCGGTTA,37482,
893215,Run_1910_149,,,,,ATCGGCGAAG,ATCGGCGAAG,AATTCTTGGA,AATTCTTGGA,37482,
893214,Run_1910_148,,,,,GCCGCACTCT,GCCGCACTCT,CGAGGTCGGA,CGAGGTCGGA,37482,
893209,Run_1910_143,,,,,CTGCGAGCCA,CTGCGAGCCA,TGGCCGGATT,TGGCCGGATT,37482,
893207,Run_1910_141,,,,,AGATCCATTA,AGATCCATTA,TGGTAGAGAT,TGGTAGAGAT,37482,
893204,Run_1910_138,,,,,CATTAGTGCG,CATTAGTGCG,TATGTAGTCA,TATGTAGTCA,37482,
893203,Run_1910_137,,,,,TGATGTAAGA,TGATGTAAGA,AAGGACGCAC,AAGGACGCAC,37482,
893202,Run_1910_136,,,,,CAGCGGTAGA,CAGCGGTAGA,CACCTGTTGC,CACCTGTTGC,37482,
893201,Run_1910_135,,,,,CTCTGCAGCG,CTCTGCAGCG,TACATCCATC,TACATCCATC,37482,
893200,Run_1910_134,,,,,TACAAGACTT,TACAAGACTT,TGAACACCTG,TGAACACCTG,37482,
893199,Run_1910_133,,,,,CTCCACTAAT,CTCCACTAAT,AACAAGTACA,AACAAGTACA,37482,
893198,Run_1910_132,,,,,ATAGGTCTTA,ATAGGTCTTA,CTGTGGTGAC,CTGTGGTGAC,37482,
893197,Run_1910_131,,,,,CTGTTGGTCC,CTGTTGGTCC,AACGGTCTAT,AACGGTCTAT,37482,
893196,Run_1910_130,,,,,GATCAAGGCA,GATCAAGGCA,ATTAACAAGG,ATTAACAAGG,37482,
893195,Run_1910_129,,,,,AACGAGGCCG,AACGAGGCCG,ATCCAGGTAT,ATCCAGGTAT,37482,
893194,Run_1910_128,,,,,TCTATCCTAA,TCTATCCTAA,CCAGTCGACG,CCAGTCGACG,37482,
893191,Run_1910_125,,,,,TCCGGACTAG,TCCGGACTAG,ATTGTTCGTC,ATTGTTCGTC,37482,
893189,Run_1910_123,,,,,TTAACGGTGT,TTAACGGTGT,ACGGTCAGGA,ACGGTCAGGA,37482,
893188,Run_1910_122,,,,,GATTCTGAAT,GATTCTGAAT,GTCCACCGCT,GTCCACCGCT,37482,
893187,Run_1910_121,,,,,GGAAGGAGAC,GGAAGGAGAC,AGACTCACCA,AGACTCACCA,37482,
893186,Run_1910_120,,,,,CGAGGCCAAG,CGAGGCCAAG,CCGGTAACAC,CCGGTAACAC,37482,
893184,Run_1910_118,,,,,AGTCAGACGA,AGTCAGACGA,TGTCGCTGGT,TGTCGCTGGT,37482,
893179,Run_1910_113,,,,,TGGCCTCTGT,TGGCCTCTGT,CGCTGTCTCA,CGCTGTCTCA,37482,
893178,Run_1910_112,,,,,ACACAGGTGG,ACACAGGTGG,ACAACGCTCA,ACAACGCTCA,37482,
893177,Run_1910_111,,,,,CTGTGGTGAC,CTGTGGTGAC,CCTGTCTGTC,CCTGTCTGTC,37482,
893176,Run_1910_110,,,,,TCCGCCAATT,TCCGCCAATT,CAGCACGGAG,CAGCACGGAG,37482,
893174,Run_1910_108,,,,,GAAGCGGCAC,GAAGCGGCAC,AGTAGAGCCG,AGTAGAGCCG,37482,
893173,Run_1910_107,,,,,CGGTTACGGC,CGGTTACGGC,CTATAGTCTT,CTATAGTCTT,37482,
893172,Run_1910_106,,,,,TTCATAAGGT,TTCATAAGGT,CCTTCTAACA,CCTTCTAACA,37482,
893171,Run_1910_105,,,,,CTATTACTAC,CTATTACTAC,GGAGAGACTC,GGAGAGACTC,37482,
893170,Run_1910_104,,,,,TGATTATACG,TGATTATACG,TGTAATCGAC,TGTAATCGAC,37482,
893169,Run_1910_103,,,,,ATAGCGGAAT,ATAGCGGAAT,TACTCTGCGC,TACTCTGCGC,37482,
893168,Run_1910_102,,,,,GATAGGCCGA,GATAGGCCGA,GCCATGTGCG,GCCATGTGCG,37482,
893167,Run_1910_101,,,,,TCAGTCTCGT,TCAGTCTCGT,ATAATCCGTG,ATAATCCGTG,37482,
893166,Run_1910_100,,,,,GAATTACAAG,GAATTACAAG,CTGAGCCGGT,CTGAGCCGGT,37482,
893165,Run_1910_99,,,,,CCGCGTATAG,CCGCGTATAG,CCGGTTCCTA,CCGGTTCCTA,37482,
893164,Run_1910_98,,,,,CCACGCTGAA,CCACGCTGAA,CTGAGGAATA,CTGAGGAATA,37482,
893159,Run_1910_93,,,,,ATTGCGCGGT,ATTGCGCGGT,GCGGAGCCAA,GCGGAGCCAA,37482,
893157,Run_1910_91,,,,,TAAGCATCCA,TAAGCATCCA,AATGGATTGA,AATGGATTGA,37482,
893155,Run_1910_89,,,,,AATTCCATCT,AATTCCATCT,GTAACTGAAG,GTAACTGAAG,37482,
893154,Run_1910_88,,,,,AGGCAGCTCT,AGGCAGCTCT,ACGTTAGCCG,ACGTTAGCCG,37482,
893153,Run_1910_87,,,,,CCGGTTCCTA,CCGGTTCCTA,CTCGAATATA,CTCGAATATA,37482,
893147,Run_1910_81,,,,,ATACCAACGC,ATACCAACGC,CGCAGCAATT,CGCAGCAATT,37482,
893145,Run_1910_79,,,,,CTGAGGAATA,CTGAGGAATA,AGTGGTTAAG,AGTGGTTAAG,37482,
893144,Run_1910_78,,,,,TGACGGCCGT,TGACGGCCGT,ATGGTTGACT,ATGGTTGACT,37482,
893142,Run_1910_76,,,,,TTATACGCGA,TTATACGCGA,AACAGACGGC,AACAGACGGC,37482,
893141,Run_1910_75,,,,,AGCGAATTAG,AGCGAATTAG,TGTTCCGGCT,TGTTCCGGCT,37482,
893138,Run_1910_72,,,,,CTTGCCATTA,CTTGCCATTA,CCTTCGTGAT,CCTTCGTGAT,37482,
893137,Run_1910_71,,,,,TGGAGTACTT,TGGAGTACTT,TCCACACAGA,TCCACACAGA,37482,
893136,Run_1910_70,,,,,CTGGAACTGT,CTGGAACTGT,GTTAATTACG,GTTAATTACG,37482,
893134,Run_1910_68,,,,,AACCATAGAA,AACCATAGAA,CCATCTCGCC,CCATCTCGCC,37482,
893133,Run_1910_67,,,,,CGTGTACCAG,CGTGTACCAG,AACTTATCCT,AACTTATCCT,37482,
893132,Run_1910_66,,,,,GAATATGCGG,GAATATGCGG,TCAGTCTCGT,TCAGTCTCGT,37482,
893131,Run_1910_65,,,,,CGTACAGGAA,CGTACAGGAA,AGAGAACCTA,AGAGAACCTA,37482,
893129,Run_1910_63,,,,,AGGTCAGATA,AGGTCAGATA,TATCTTGTAG,TATCTTGTAG,37482,
893128,Run_1910_62,,,,,GTATTGACGT,GTATTGACGT,TTGGAATTCC,TTGGAATTCC,37482,
893127,Run_1910_61,,,,,TGTGATAACT,TGTGATAACT,ATGGCGCCTG,ATGGCGCCTG,37482,
893120,Run_1910_54,,,,,TTCATGGTTC,TTCATGGTTC,TGACAATGTC,TGACAATGTC,37482,
893119,Run_1910_53,,,,,ATGGCGCCTG,ATGGCGCCTG,AGGCCGTGGA,AGGCCGTGGA,37482,
893116,Run_1910_50,,,,,CGCCATATCT,CGCCATATCT,ATCTCCGGTC,ATCTCCGGTC,37482,
893115,Run_1910_49,,,,,GATCGGATAA,GATCGGATAA,CGGCCGATAC,CGGCCGATAC,37482,
893113,Run_1910_47,,,,,CCATCTCGCC,CCATCTCGCC,AACCATAGAA,AACCATAGAA,37482,
893110,Run_1910_44,,,,,ATATGCATGT,ATATGCATGT,CCAGGCACCA,CCAGGCACCA,37482,
893109,Run_1910_43,,,,,AGGATGTGCT,AGGATGTGCT,GGAATTGTAA,GGAATTGTAA,37482,
893106,Run_1910_40,,,,,CACTCAATTC,CACTCAATTC,CACAACTTAA,CACAACTTAA,37482,
893104,Run_1910_38,,,,,ATAGCCAAGA,ATAGCCAAGA,CAGTGGCACT,CAGTGGCACT,37482,
893103,Run_1910_37,,,,,GCTGACGTTG,GCTGACGTTG,AATGCGAACA,AATGCGAACA,37482,
893102,Run_1910_36,,,,,CAATCGGCTG,CAATCGGCTG,TTCCTACAGC,TTCCTACAGC,37482,
893101,Run_1910_35,,,,,ACGGTCAGGA,ACGGTCAGGA,AACGAGGCCG,AACGAGGCCG,37482,
893100,Run_1910_34,,,,,TAGAATTGGA,TAGAATTGGA,TCAGATTAAC,TCAGATTAAC,37482,
893098,Run_1910_32,,,,,ATAGTTAGCA,ATAGTTAGCA,CTACTTAGAG,CTACTTAGAG,37482,
893092,Run_1910_26,,,,,TCATACCGTT,TCATACCGTT,CTGCGTTACC,CTGCGTTACC,37482,
893091,Run_1910_25,,,,,GGAATTGTAA,GGAATTGTAA,AGGATGTGCT,AGGATGTGCT,37482,
893090,Run_1910_24,,,,,GCATAAGCTT,GCATAAGCTT,TGCGACGGAA,TGCGACGGAA,37482,
893088,Run_1910_22,,,,,ATTATCCACT,ATTATCCACT,TACGTGCGTA,TACGTGCGTA,37482,
893087,Run_1910_21,,,,,TCCAGAGATC,TCCAGAGATC,TGAAGTGCAG,TGAAGTGCAG,37482,
893085,Run_1910_19,,,,,GACGAGATTA,GACGAGATTA,AGGATAATGT,AGGATAATGT,37482,
893081,Run_1910_15,,,,,AACGCACGAG,AACGCACGAG,TATCCGAGGC,TATCCGAGGC,37482,
893079,Run_1910_13,,,,,ACCGGCCGTA,ACCGGCCGTA,AATATTGCCA,AATATTGCCA,37482,
893076,Run_1910_10,,,,,CTGCGTTACC,CTGCGTTACC,TCGAGCCATA,TCGAGCCATA,37482,
893075,Run_1910_9,,,,,GCTCTTAACT,GCTCTTAACT,GGTGGACGTG,GGTGGACGTG,37482,
893074,Run_1910_8,,,,,GCAATATTCA,GCAATATTCA,AATTGGCGCC,AATTGGCGCC,37482,
893073,Run_1910_7,,,,,CCTCCGTCCA,CCTCCGTCCA,CACCGATGTG,CACCGATGTG,37482,
893071,Run_1910_5,,,,,GTAACTGAAG,GTAACTGAAG,TCGCGACTCC,TCGCGACTCC,37482,
893070,Run_1910_4,,,,,CCGTGACCGA,CCGTGACCGA,CAACGTTCGG,CAACGTTCGG,37482,
893069,Run_1910_3,,,,,CGCACGACTG,CGCACGACTG,CTGTTGGTCC,CTGTTGGTCC,37482,
893068,Run_1910_2,,,,,CGTCTCATAT,CGTCTCATAT,AGCTACTATA,AGCTACTATA,37482,
893067,Run_1910_1,,,,,AATCCAATTG,AATCCAATTG,CCTCTACATG,CCTCTACATG,37482,
893434,Run_1910_368,,,,,GGTAGAATTA,GGTAGAATTA,TGATGGCTAC,TGATGGCTAC,37482,
893433,Run_1910_367,,,,,CGTTATTCTA,CGTTATTCTA,AACCTTATGG,AACCTTATGG,37482,
893431,Run_1910_365,,,,,ATTAACAAGG,ATTAACAAGG,ACGAACAACA,ACGAACAACA,37482,
893430,Run_1910_364,,,,,AAGCATCTTG,AAGCATCTTG,TTGTTGAATG,TTGTTGAATG,37482,
893427,Run_1910_361,,,,,CCACCAGGCA,CCACCAGGCA,ATTCCATAAG,ATTCCATAAG,37482,
893426,Run_1910_360,,,,,CTGACTCTAC,CTGACTCTAC,TGACGGCCGT,TGACGGCCGT,37482,
893425,Run_1910_359,,,,,AACATCGCGC,AACATCGCGC,ACAAGTGGAC,ACAAGTGGAC,37482,
893424,Run_1910_358,,,,,TAATTCTGCT,TAATTCTGCT,ATTGATGAGA,ATTGATGAGA,37482,
893422,Run_1910_356,,,,,GACACCATGT,GACACCATGT,TACACGTTGA,TACACGTTGA,37482,
893417,Run_1910_351,,,,,GGTCTATTAA,GGTCTATTAA,CGTGTCGTGG,CGTGTCGTGG,37482,
893411,Run_1910_345,,,,,TCTCAATACC,TCTCAATACC,CGCGAACGTC,CGCGAACGTC,37482,
893408,Run_1910_342,,,,,CGATGCGGTT,CGATGCGGTT,ACCAAGCAGG,ACCAAGCAGG,37482,
893407,Run_1910_341,,,,,ACGTTCCTTA,ACGTTCCTTA,CACAGCGGTC,CACAGCGGTC,37482,
893405,Run_1910_339,,,,,CTTACCGCAC,CTTACCGCAC,ATAGGTCTTA,ATAGGTCTTA,37482,
893402,Run_1910_336,,,,,AGGAGGTATC,AGGAGGTATC,TGCCAACTGG,TGCCAACTGG,37482,
893401,Run_1910_335,,,,,CACGGAACAA,CACGGAACAA,GTGCTAGGTT,GTGCTAGGTT,37482,
893400,Run_1910_334,,,,,ACGCCTTGTT,ACGCCTTGTT,ACGTTCCTTA,ACGTTCCTTA,37482,
893399,Run_1910_333,,,,,TTAACCTTCG,TTAACCTTCG,TGTCTGGCCT,TGTCTGGCCT,37482,
893398,Run_1910_332,,,,,AGCTACTATA,AGCTACTATA,GCCATATAAC,GCCATATAAC,37482,
893394,Run_1910_328,,,,,ATGGTTGACT,ATGGTTGACT,AGGACAGGCC,AGGACAGGCC,37482,
893393,Run_1910_327,,,,,CTTGTACACC,CTTGTACACC,AAGCGCGCTT,AAGCGCGCTT,37482,
893392,Run_1910_326,,,,,TTCTTAACCA,TTCTTAACCA,GGTATGTAGA,GGTATGTAGA,37482,
893390,Run_1910_324,,,,,CCATCATTAG,CCATCATTAG,AGAGGCAACC,AGAGGCAACC,37482,
893389,Run_1910_323,,,,,GAGGTTAGAC,GAGGTTAGAC,GCAATACATT,GCAATACATT,37482,
893384,Run_1910_318,,,,,GAGAATGGTT,GAGAATGGTT,TTGCTGCCGA,TTGCTGCCGA,37482,
893381,Run_1910_315,,,,,TAGCATAACC,TAGCATAACC,TGCGCATAGC,TGCGCATAGC,37482,
893378,Run_1910_312,,,,,TTCTGTAGAA,TTCTGTAGAA,TATTGCGCTC,TATTGCGCTC,37482,
893377,Run_1910_311,,,,,TCTGGTATCC,TCTGGTATCC,GTAAGCAACG,GTAAGCAACG,37482,
893376,Run_1910_310,,,,,GGCGCCATTG,GGCGCCATTG,ATTGCGCGGT,ATTGCGCGGT,37482,
893372,Run_1910_306,,,,,GCGTATTAAT,GCGTATTAAT,CAACACCGCA,CAACACCGCA,37482,
893371,Run_1910_305,,,,,ACAACTACTG,ACAACTACTG,TGTGATAACT,TGTGATAACT,37482,
893370,Run_1910_304,,,,,AACCGAGTTC,AACCGAGTTC,TCCAGAGATC,TCCAGAGATC,37482,
893369,Run_1910_303,,,,,TTACCTGGAA,TTACCTGGAA,CTGGAACTGT,CTGGAACTGT,37482,
893365,Run_1910_299,,,,,GTGACACGCA,GTGACACGCA,GTCCGTAAGC,GTCCGTAAGC,37482,
893361,Run_1910_295,,,,,TATGTAGTCA,TATGTAGTCA,CATTAGTGCG,CATTAGTGCG,37482,
893360,Run_1910_294,,,,,GAACTGAGCG,GAACTGAGCG,CGCTCCACGA,CGCTCCACGA,37482,
893358,Run_1910_292,,,,,GTAACAATCT,GTAACAATCT,GTATACAGAG,GTATACAGAG,37482,
893356,Run_1910_290,,,,,TGCCGGTCAG,TGCCGGTCAG,TTGTATCAGG,TTGTATCAGG,37482,
893355,Run_1910_289,,,,,GCTAGACTAT,GCTAGACTAT,ATGTCGTATT,ATGTCGTATT,37482,
893354,Run_1910_288,,,,,TCCATTGCCG,TCCATTGCCG,TCGTGCATTC,TCGTGCATTC,37482,
893353,Run_1910_287,,,,,TTCGGTGTGA,TTCGGTGTGA,ATACTTGTTC,ATACTTGTTC,37482,
893351,Run_1910_285,,,,,TGATGGCTAC,TGATGGCTAC,ATGTTGTTGG,ATGTTGTTGG,37482,
893350,Run_1910_284,,,,,CAGTAATTAC,CAGTAATTAC,TACCGCCTCG,TACCGCCTCG,37482,
893347,Run_1910_281,,,,,TACGTGAAGG,TACGTGAAGG,CTAATAACCG,CTAATAACCG,37482,
893346,Run_1910_280,,,,,TCCGTTATGT,TCCGTTATGT,TACACTACAA,TACACTACAA,37482,
893345,Run_1910_279,,,,,GGCCAATATT,GGCCAATATT,TATCGGACCG,TATCGGACCG,37482,
893342,Run_1910_276,,,,,TTGCTCTATT,TTGCTCTATT,TCAAGGTCAC,TCAAGGTCAC,37482,
893341,Run_1910_275,,,,,GCGTGGATGG,GCGTGGATGG,CATTGGTCAA,CATTGGTCAA,37482,
893337,Run_1910_271,,,,,CTAGTGCTCT,CTAGTGCTCT,TACTGTTCCA,TACTGTTCCA,37482,
893334,Run_1910_268,,,,,CAGCAATCGT,CAGCAATCGT,ATACATCACA,ATACATCACA,37482,
893333,Run_1910_267,,,,,TAGTGGAAGC,TAGTGGAAGC,TATAGGTACT,TATAGGTACT,37482,
893332,Run_1910_266,,,,,GTGGTATCTG,GTGGTATCTG,AGATAGTAGC,AGATAGTAGC,37482,
893331,Run_1910_265,,,,,CCAGGCACCA,CCAGGCACCA,TAATTAGCGT,TAATTAGCGT,37482,
893330,Run_1910_264,,,,,TGTAATCGAC,TGTAATCGAC,CGCGGTGATC,CGCGGTGATC,37482,
893329,Run_1910_263,,,,,ATGGCGTGCC,ATGGCGTGCC,ACTTCAAGCG,ACTTCAAGCG,37482,
893327,Run_1910_261,,,,,TGGTGTTATG,TGGTGTTATG,TAGAATTGGA,TAGAATTGGA,37482,
893326,Run_1910_260,,,,,TAGAGAATAC,TAGAGAATAC,CGAATCTATA,CGAATCTATA,37482,
893324,Run_1910_258,,,,,AGTACTCATG,AGTACTCATG,ACCACGACAT,ACCACGACAT,37482,
893322,Run_1910_256,,,,,GTTGGATGAA,GTTGGATGAA,TTACCTGGAA,TTACCTGGAA,37482,
893319,Run_1910_253,,,,,CCGAAGCGCT,CCGAAGCGCT,ATAGTTAGCA,ATAGTTAGCA,37482,
893317,Run_1910_251,,,,,TGGCTAATCA,TGGCTAATCA,CTACATGCCT,CTACATGCCT,37482,
893316,Run_1910_250,,,,,ATCCTCTCAA,ATCCTCTCAA,GCCTTGCGGA,GCCTTGCGGA,37482,
893314,Run_1910_248,,,,,ATTCCATAAG,ATTCCATAAG,CCACCAGGCA,CCACCAGGCA,37482,
893313,Run_1910_247,,,,,CACTAGACCA,CACTAGACCA,ATAAGGCAGT,ATAAGGCAGT,37482,
893312,Run_1910_246,,,,,GAACGCAATA,GAACGCAATA,ACAGTAAGAT,ACAGTAAGAT,37482,
893311,Run_1910_245,,,,,ACTCTATTGT,ACTCTATTGT,CATATGCGAT,CATATGCGAT,37482,
893310,Run_1910_244,,,,,TAGTTCGGTA,TAGTTCGGTA,CTACACATGG,CTACACATGG,37482,
893307,Run_1910_241,,,,,ACAGTGTATG,ACAGTGTATG,CCGTATGTTC,CCGTATGTTC,37482,
893306,Run_1910_240,,,,,GAATACCTAT,GAATACCTAT,ACTCTATTGT,ACTCTATTGT,37482,
893303,Run_1910_237,,,,,CGCAGCAATT,CGCAGCAATT,ATAGCGGAAT,ATAGCGGAAT,37482,
893299,Run_1910_233,,,,,CAGTGGCACT,CAGTGGCACT,CCTATTGTTA,CCTATTGTTA,37482,
893297,Run_1910_231,,,,,ACTCGGCAAT,ACTCGGCAAT,TTCAGTTGTC,TTCAGTTGTC,37482,
893294,Run_1910_228,,,,,CAACGTTCGG,CAACGTTCGG,ATGCGGATCC,ATGCGGATCC,37482,
893292,Run_1910_226,,,,,AGTGTTGCAC,AGTGTTGCAC,CGTGTACCAG,CGTGTACCAG,37482,
893291,Run_1910_225,,,,,TAATGTGTCT,TAATGTGTCT,TATGCCTTAC,TATGCCTTAC,37482,
893290,Run_1910_224,,,,,TGCAAGATAA,TGCAAGATAA,CCGTCCTCAA,CCGTCCTCAA,37482,
893288,Run_1910_222,,,,,TTCACGAGAC,TTCACGAGAC,GTAACAATCT,GTAACAATCT,37482,
893286,Run_1910_220,,,,,TTACAGTTAG,TTACAGTTAG,ATATGCATGT,ATATGCATGT,37482,
893285,Run_1910_219,,,,,CCTGCAACCT,CCTGCAACCT,CTGACTCTAC,CTGACTCTAC,37482,
893284,Run_1910_218,,,,,CAGCCGCGTA,CAGCCGCGTA,CACGGCTAGT,CACGGCTAGT,37482,
893282,Run_1910_216,,,,,GATATTGTGT,GATATTGTGT,ACCGTGTGGT,ACCGTGTGGT,37482,
893281,Run_1910_215,,,,,CTCGCTTCGG,CTCGCTTCGG,TTGACTAGTA,TTGACTAGTA,37482,
893280,Run_1910_214,,,,,TATGATGGCC,TATGATGGCC,TATGACAATC,TATGACAATC,37482,
893278,Run_1910_212,,,,,TATTGCGCTC,TATTGCGCTC,CCTAACACAG,CCTAACACAG,37482,
893276,Run_1910_210,,,,,AGGACAGGCC,AGGACAGGCC,AGCTGGAATG,AGCTGGAATG,37482,
893274,Run_1910_208,,,,,CCACCGGAGT,CCACCGGAGT,CATGGCAGGC,CATGGCAGGC,37482,
893273,Run_1910_207,,,,,TCCTGGTTGT,TCCTGGTTGT,TGCCGGTCAG,TGCCGGTCAG,37482,
893272,Run_1910_206,,,,,TTAGGATATC,TTAGGATATC,CCATGGTATA,CCATGGTATA,37482,
893270,Run_1910_204,,,,,CCTGCGGAAC,CCTGCGGAAC,AGCCTATGAT,AGCCTATGAT,37482,
893269,Run_1910_203,,,,,TTGTATCAGG,TTGTATCAGG,TGGCCTCTGT,TGGCCTCTGT,37482,
893263,Run_1910_197,,,,,AGAGGCAACC,AGAGGCAACC,CCATCATTAG,CCATCATTAG,37482,
893261,Run_1910_195,,,,,CTTATTGGCC,CTTATTGGCC,ACTTGTTATC,ACTTGTTATC,37482,
893260,Run_1910_194,,,,,CGCTTAGAAT,CGCTTAGAAT,TATCACTCTG,TATCACTCTG,37482,
893259,Run_1910_193,,,,,AGGCCGTGGA,AGGCCGTGGA,AACGCACGAG,AACGCACGAG,37482,
893258,Run_1910_192,,,,,TCTCATGATA,TCTCATGATA,TCCACGTGTT,TCCACGTGTT,37482,
893257,Run_1910_191,,,,,TTCTACATAC,TTCTACATAC,TTACAGTTAG,TTACAGTTAG,37482,
893255,Run_1910_189,,,,,TCAATGGAGA,TCAATGGAGA,GTTGTAGTGC,GTTGTAGTGC,37482,
893254,Run_1910_188,,,,,AGTATGCTAC,AGTATGCTAC,GGTCTATTAA,GGTCTATTAA,37482,
893253,Run_1910_187,,,,,GACTGAGTAG,GACTGAGTAG,CACTATCAAC,CACTATCAAC,37482,
893249,Run_1910_183,,,,,GTCCTGGATA,GTCCTGGATA,TTCGCCACCG,TTCGCCACCG,37482,
893472,Run_1910_406,,,,,ATGTAACGTT,ATGTAACGTT,CAGCAATCGT,CAGCAATCGT,37482,
893470,Run_1910_404,,,,,GGTAACTCGC,GGTAACTCGC,TCACCAACTT,TCACCAACTT,37482,
893469,Run_1910_403,,,,,AACACTGTTA,AACACTGTTA,TGAGACTTGC,TGAGACTTGC,37482,
893468,Run_1910_402,,,,,CTAAGTACGC,CTAAGTACGC,TAGGTATGTT,TAGGTATGTT,37482,
893464,Run_1910_398,,,,,TGGCGCGAAC,TGGCGCGAAC,AGTATCAGTT,AGTATCAGTT,37482,
893463,Run_1910_397,,,,,GTTGTGACTA,GTTGTGACTA,TCCGTTATGT,TCCGTTATGT,37482,
893460,Run_1910_394,,,,,CACTATCAAC,CACTATCAAC,CATTAACTGA,CATTAACTGA,37482,
893459,Run_1910_393,,,,,ATGTCCAGCA,ATGTCCAGCA,TTGTCCGCTG,TTGTCCGCTG,37482,
893458,Run_1910_392,,,,,TCTAGGCGCG,TCTAGGCGCG,TTAACCTTCG,TTAACCTTCG,37482,
893452,Run_1910_386,,,,,GTTCGGAGTT,GTTCGGAGTT,TCAGAAGGCG,TCAGAAGGCG,37482,
893451,Run_1910_385,,,,,CACAGCGGTC,CACAGCGGTC,CAATAGGAAT,CAATAGGAAT,37482,
893450,Run_1910_384,,,,,ACTAGCGCTA,ACTAGCGCTA,GAGGAAGTAA,GAGGAAGTAA,37482,
893449,Run_1910_383,,,,,CCTGTCTGTC,CCTGTCTGTC,TCACAACAGT,TCACAACAGT,37482,
893448,Run_1910_382,,,,,ACTTGTTATC,ACTTGTTATC,TCTAGGCGCG,TCTAGGCGCG,37482,
893447,Run_1910_381,,,,,TGAACGCGGA,TGAACGCGGA,TCCTTCGAAG,TCCTTCGAAG,37482,
893445,Run_1910_379,,,,,ACCACGACAT,ACCACGACAT,CCGCATACGA,CCGCATACGA,37482,
893444,Run_1910_378,,,,,AAGGAAGAGT,AAGGAAGAGT,GCCTAACGTG,GCCTAACGTG,37482,
893443,Run_1910_377,,,,,CTAATAACCG,CTAATAACCG,CGATGCGGTT,CGATGCGGTT,37482,
893440,Run_1910_374,,,,,GGTTGCGAGG,GGTTGCGAGG,TTGCTCTATT,TTGCTCTATT,37482,
