[Header],,,,,,,,,,,
IEMFileVersion,5,,,,,,,,,,
Experiment Name,SP Flowcell,,,,,,,,,,
Date,2/26/2025,,,,,,,,,,
Workflow,GenerateFASTQ,,,,,,,,,,
Application,DraugrUI,,,,,,,,,,
Instrument Type,Illumina Novaseq 6000 #2,,,,,,,,,,
,,,,,,,,,,,
[Reads],,,,,,,,,,,
76,,,,,,,,,,,
76,,,,,,,,,,,
,,,,,,,,,,,
[Settings],,,,,,,,,,,
Adapter,CTGTCTCTTATACACATCT,,,,,,,,,,
,,,,,,,,,,,
[Data],,,,,,,,,,,
Sample_ID,Sample_Name,Sample_Plate,Sample_Well,Index_Plate,Index_Plate_Well,I7_Index_ID,index,I5_Index_ID,index2,Sample_Project,Description
894886,Run_1913_12,,,,,,ATGTTGTTGG,,CAATCTATGA,37767,
894885,Run_1913_11,,,,,,CCACGCTGAA,,TATTCCTCAG,37767,
894884,Run_1913_10,,,,,,CTCGAATATA,,GAGATGTCGA,37767,
894883,Run_1913_9,,,,,,ACACAGGTGG,,TGAGCGTTGT,37767,
894882,Run_1913_8,,,,,,CACGGAACAA,,AACCTAGCAC,37767,
894881,Run_1913_7,,,,,,CTTGTACACC,,AAGCGCGCTT,37767,
894880,Run_1913_6,,,,,,ATACCAACGC,,AATTGCTGCG,37767,
894879,Run_1913_5,,,,,,GTATTGACGT,,GGAATTCCAA,37767,
894878,Run_1913_4,,,,,,AATTCCATCT,,CTTCAGTTAC,37767,
894877,Run_1913_3,,,,,,TGGAGTACTT,,TCTGTGTGGA,37767,
894876,Run_1913_2,,,,,,TAATGTGTCT,,GTAAGGCATA,37767,
894875,Run_1913_1,,,,,,AGGATGTGCT,,TTACAATTCC,37767,
